time_s,altitude_km,velocity_ms,acceleration_g,dynamic_pressure_kpa
0.0,0.018949513832743008,2.817065764878465,0.4301618863087978,0.27452420185840787
1.0,0.008066098964342697,9.611002950938689,0.43177873168028336,0.03839262595224198
2.0,0.04399893874424291,12.973425992148647,0.4364511544441894,0.5371978348893262
3.0,0.08687293190137968,17.84684384790852,0.4437732022147505,0.19145368088329343
4.0,0.055102598568592134,23.790353075134217,0.44149719792308517,0.008361597742004456
5.0,0.0804523147288765,24.981141453055383,0.43563032556218695,0.8464896771820271
6.0,0.16467949208567279,28.696079936562906,0.4577109805691654,0.6991038995041504
7.0,0.17470445695146095,33.04403581198438,0.45397897904488443,0.39991709486478605
8.0,0.17660205106673146,37.78115214045817,0.48640463160095265,0.8540714860861054
9.0,0.2506702347749491,43.591498258468974,0.47729358655903753,0.8755578508599517
10.0,0.2689768586497173,48.99768392894603,0.4749200504613765,0.9779471603811147
11.0,0.32224959127859404,53.75713065060557,0.49036752692599256,1.9530564851911905
12.0,0.4017567427372068,59.51716557807809,0.5093521606873495,2.5586232297060114
13.0,0.40038914965732103,63.30918524464607,0.5027576146307691,1.9052103214310894
14.0,0.47442284280130087,70.56312189537277,0.5070222714356949,2.861146106038004
15.0,0.582858422776641,73.15968562732141,0.5312411909704341,2.893026212845974
16.0,0.6481542269320106,82.89236563805758,0.5395803390926814,3.3664171511254217
17.0,0.7721166179653486,85.08853846709455,0.5367127758115758,3.7873100523225878
18.0,0.8250198316659298,88.28561960945139,0.5457550622926167,4.1860860555660935
19.0,0.9049684337598437,93.47065212124457,0.5648992685609521,4.967395231899974
20.0,1.091974888995308,101.39158975062394,0.5483908791289321,5.237800321624157
21.0,1.1475771183156553,106.00978722460134,0.5577911626790094,6.128420507902833
22.0,1.2684855159698651,113.18026324011385,0.5770164256958701,6.617489783427722
23.0,1.3416789359570294,118.67156815106607,0.5935820277643248,7.170229109929048
24.0,1.4919932330200327,123.79408984336978,0.6105403907880775,7.60193253284379
25.0,1.6415875408577663,128.6649578335796,,8.35512208703036
26.0,1.7397882522209578,133.78592554012775,0.637242022773574,9.428982225887275
27.0,1.9278625343334983,141.60376181140094,0.6313890007874201,10.045576420946878
28.0,2.0471546706917194,149.8668357976404,0.6430234674659816,10.312034149596109
29.0,2.211408419895054,155.30654161576427,0.6379030121915147,11.360377042031617
30.0,2.3635921723242497,159.6155301342114,0.6624090821059413,12.294641963100247
31.0,2.6052912994426083,168.33935460498535,0.6682183314698367,12.318405140908277
32.0,2.724090926900869,175.35086580525964,0.6873680960372726,13.74146078415095
33.0,2.874329748408878,180.23944648024644,0.6802177536562388,14.145888561520026
34.0,3.119195231608892,188.68839562716,0.7106372794075226,15.286754191174207
35.0,3.2533454083374465,195.53914666844935,0.7361832158236106,15.659766555481594
36.0,3.4987851753745205,200.834094241055,0.7220322440764813,16.120240553383063
37.0,3.643478383133874,210.28590036641216,0.7402896332571898,16.943650722226863
38.0,3.8794780344022395,217.89630580847742,0.7553476163297408,18.211197790835776
39.0,4.149697042257317,226.09216617681443,0.7498422868173277,19.0315604682801
40.0,4.397933137965054,233.5686384620006,0.770223268898955,19.42856589312168
41.0,4.6205377166689745,237.55102361614848,0.778190781066192,20.624318957044558
42.0,4.85928497225531,245.95101493380898,0.7907484161538411,20.651143876847335
43.0,5.108931332606424,255.98257564795873,0.7891135818563286,21.827939795642784
44.0,5.336784562317825,263.9464574811136,0.8126486871771224,22.161280630253845
45.0,5.63080138376438,272.02905951683294,0.831473016450182,22.981907507312492
46.0,5.918031194675678,285.2327450242322,0.85764482904937,23.818050138175746
47.0,6.2513328087155005,288.6251198905014,0.8622969959069567,24.143096086522494
48.0,6.526131143979282,297.90680182356544,0.8923946342570859,24.851862752402045
49.0,6.7676906335056835,306.19024551957676,0.8609375144803255,25.80144756611465
50.0,7.1437421291067995,314.41485873534856,0.8980484805345706,25.82295767386427
51.0,7.444707833816733,321.767788337307,0.9003981899105515,26.705274541767945
52.0,7.767122331594666,332.3081432053616,0.9433513620226894,26.53435362598941
53.0,8.146006763591048,339.06724550017043,0.9114114882915036,27.409296335971167
54.0,8.507999290036922,349.057601526111,0.9241507794394466,28.01670366866245
55.0,8.858000925433798,352.26517217652423,0.3561070858805209,26.265752241763888
56.0,9.16152472056136,356.761535606807,0.3398798131255403,26.196134938537433
57.0,9.53777486173153,363.821974599037,,26.041139540505885
58.0,9.921116786497121,361.32675275906166,0.3738275123708017,25.244701900913924
59.0,10.308417608725561,369.00176164243607,0.39430832112059205,24.85928212657613
60.0,10.636660842271139,369.4657406878259,0.4040845096270303,24.013747657422815
61.0,11.021331955337544,375.1577574322768,0.4340753466022056,23.672578035247028
62.0,11.373627254403443,381.5490048816156,0.4272336490233452,23.056193648692492
63.0,11.75496638643656,384.13170156399974,0.41143919337082524,22.914163034416088
64.0,12.203453829049012,386.6088520513115,0.41380401149191465,22.105732894354308
65.0,12.61225211438819,391.41390358999064,0.44191962829549053,21.600935211121033
66.0,12.966224789345171,397.83957608491846,0.42207219926696726,20.851043159636422
67.0,13.399717249415684,400.13061953876553,0.47675782774110564,20.308025833016636
68.0,13.786165923261997,406.03026791602,0.47446435757408256,19.80904729423135
69.0,14.166222423469197,410.3275313566377,0.4572996837864349,19.546528862555174
70.0,14.611305608893957,413.91032409994546,0.4462838342988248,18.796222798458636
71.0,15.066196857458527,422.8079358698306,0.5000126855001478,18.508805594457996
72.0,15.443353837310067,425.32373655229424,0.48579173319869107,18.54897000057422
73.0,15.920598979418765,426.19333738099334,0.5139650861608992,17.697384263609216
74.0,16.229234740857898,434.4471057083962,0.4794535407361871,16.853262805539213
75.0,16.77166698409191,438.1901352829163,0.5024369002456618,16.831894364029964
76.0,17.19389939608312,445.556725077515,0.5196505883425445,15.875121844005404
77.0,17.631771833467834,448.2652888381895,0.5285092976822434,14.917796500065636
78.0,18.0982065564359,454.53957449582595,0.5293759534448067,14.764297549742878
79.0,18.495878462432504,460.80927764916123,0.5538831957906235,14.048903813879033
80.0,19.01439070468882,466.7739642446687,,14.054164280397686
81.0,19.502677445683037,469.1827626031571,0.5595113289120565,13.720812112540665
82.0,20.012877253213407,476.07461147971696,0.5721476321769979,13.780210769153259
83.0,20.43524808023736,481.54333694766586,0.5868533500032349,12.94380914272478
84.0,20.914563731892507,487.04235934486985,0.5987035990869719,12.355043787205124
85.0,21.417642974581348,496.52532727000704,0.5801530742206742,12.251362488484876
86.0,21.966729162140073,507.17888528657073,1.2714432552968862,11.233569973602322
87.0,22.46857988889415,517.5589310638446,1.3324417835142486,11.838619265185784
88.0,22.975341281490827,533.8935249200631,1.3373943509982946,11.847637021720036
89.0,23.552406077986095,548.9572016843708,1.340634488532286,10.99954136869319
90.0,24.099145553254846,560.7738696725405,1.3949083999809544,11.592267821132948
91.0,24.698166211927475,570.5945804881535,1.3934910866765506,11.137087447192409
92.0,25.23476800244332,585.9963819388527,1.4299043946728909,10.67890156597019
93.0,25.84677565751789,602.6762933799628,1.434039713843831,10.744087017935865
94.0,26.45987904601309,613.9752644928003,1.4851124022585607,10.970375243867311
95.0,27.0572457473094,630.1746342885262,1.5020773306038868,10.06419013140702
96.0,27.75423088295745,645.3580299722959,1.4939404569189982,9.791556086560737
97.0,28.41228106595098,657.7117374327016,1.5345680830772546,9.275227034189285
98.0,29.078833826545765,674.1417270268157,1.5523972571346583,8.84403076471339
99.0,29.761229588413922,684.7248785585776,1.5863816764876855,9.025571808157496
100.0,30.430979673431544,703.6370118158825,,8.190211698689037
101.0,31.181817174654295,720.6168864171067,1.6237005873122168,8.133686314680466
102.0,31.921212717140293,735.185943525894,1.6537322767769096,7.630231041626464
103.0,32.66078959414702,755.8123765434752,1.636382572026997,7.576157456897687
104.0,33.44993816019973,767.7736072590932,1.6703974045222245,7.190574510856235
105.0,34.25362584603801,786.0675220538249,1.683428990969975,7.060234077283015
106.0,35.10188489628101,803.991109777043,1.736350379512729,6.256297988439169
107.0,35.871662779450574,823.2880357545272,1.7780462437484839,5.991792466537624
108.0,36.71287815333136,836.5724033172892,1.817243102374853,5.446914237706761
109.0,37.55951885920797,858.3453406995092,1.8237928192496362,5.280517327754091
110.0,38.37894396892327,874.7702182928208,1.8756499487199394,5.206784628701338
111.0,39.328906423831604,891.7224717362727,1.8596415118389304,5.007973041239216
112.0,40.24343483377438,912.6192425924648,1.8845156640893346,4.19987551565829
113.0,41.24648019621036,931.2535949030063,1.9395764023346795,4.442201799297854
114.0,42.117099863344244,949.3874341361375,1.9771532606702844,4.302636188146115
115.0,43.10184793335322,970.035523923021,2.002544391243632,3.7450170717131384
116.0,44.08165102948027,989.3128990929331,2.004346894875868,3.9199748641884526
117.0,45.05780684512481,1010.3450796998424,2.0670488554406967,2.872052339770596
118.0,46.15794161986687,1031.782945189805,2.082572372691105,2.4896518197864945
119.0,47.19795799596737,1054.122094779569,2.146689138680573,2.100109971280788
120.0,48.2721733402667,1071.1856536203957,2.177423872947087,2.86516179440193
121.0,49.31585630116642,1097.8950930168485,2.1939102552481646,2.4072689128522655
122.0,50.50193246552874,1113.7825796911013,2.2372144147540074,2.0008488883258138
123.0,51.55688941446081,1138.8686325013766,2.2668075957924847,1.9199281909844013
124.0,52.77841172413334,1162.743540784483,2.3204187720870086,1.3283798120632164
125.0,54.01153369372284,1185.4355014308055,2.3752708469260146,2.241283530891964
126.0,55.12466845608807,1207.630471613711,2.386697517424867,1.3990108196678435
127.0,56.369917908519035,1232.2101111896063,2.4505737217215993,1.2565693108685314
128.0,57.64679378377195,1256.1579010102093,2.4776154021972205,1.315430473131687
129.0,58.910400263388475,1280.816243057221,2.5172975873547156,1.1259843697227008
130.0,60.18592643089639,1308.216203961938,2.5723123069118805,0.9424189833674625
131.0,61.567136417809515,1333.1687179659139,2.6042644566434574,0.5408116270674981
132.0,62.89199658882222,1357.7468072757683,2.658556719908299,0.8307428940767986
133.0,64.32348636688768,1386.7622935477855,2.697201850524498,1.1734154826085992
134.0,65.69422187710154,1412.986959441248,2.7942393173171505,0.9396004174360775
135.0,67.20844131991423,1441.35797681341,2.816238035914179,0.9482593618575972
136.0,68.60671030748183,1469.2090617510985,2.8575512948628705,0.25793594819770294
137.0,70.11746415158083,1495.674598298693,2.9250507276426694,0.06159784068897267
138.0,71.67764549432324,1525.2737091748818,2.9754673096392295,0.27362726455647596
139.0,73.1721818552631,1556.9887473616461,3.030731355349192,0.2862084594488391
140.0,74.80212734662766,1587.111319231547,3.1018034341462393,0.5606746110521014
141.0,76.45163259241008,1617.0834088011306,3.1642229052174953,0.0
142.0,78.01283627982446,1648.8184581546582,3.206973767946228,0.6298464339076018
143.0,79.74739714641395,1682.713851140364,3.2702486575682856,0.09842823997257598
144.0,81.46325336194441,1712.711390375739,3.340685517115766,0.0
145.0,83.22597844571119,1747.8875275126634,3.378271066476619,0.0
146.0,84.94663819229724,1780.919665087069,3.460222236784227,0.0
147.0,86.76022220618711,1815.7626691512,3.575869818270619,0.32116345308103905
148.0,88.66718306405092,1853.337077780744,3.654835839571759,0.084043457416485
149.0,90.54848096424475,1889.2847314888274,3.7037175104059195,0.0
150.0,92.47227421933516,1926.4082742310304,3.796017416427676,0.0
151.0,94.43829306980763,1965.0984079086643,3.8747140706382015,0.0
152.0,96.40943052441341,2001.9631483004898,4.001810550729504,0.5297513678408879
153.0,98.47839127023813,2042.6153227194882,4.061064676936904,0.0
154.0,100.5623699409178,2081.6887072606582,4.134224988887701,0.0
155.0,102.65579743693517,2124.1364622858287,4.217092034652037,0.0
156.0,104.89931724751577,2165.9208181239137,4.306211815071506,0.0
157.0,107.06714793202343,2209.734426162144,4.436054000006032,0.0
158.0,109.27130231777993,2255.0012138380757,4.528385032577127,0.0
159.0,111.62645464747142,2298.4892854915597,4.62940199266529,0.0
160.0,113.92397545460841,2349.5964464163626,4.7565823473659155,0.21393960397594203
161.0,116.37120797465782,2392.8705057580514,4.870426790649368,0.5586760658462077
162.0,118.82588525166945,2441.710664834504,5.037458666937067,0.3410861831360874
